{
  "project_info": {
    "project_number": "946746428457",
    "project_id": "mental-final",
    "storage_bucket": "mental-final.firebasestorage.app"
  },
  "client": [
    {
      "client_info": {
        "mobilesdk_app_id": "1:946746428457:android:c2d492b2ced154fc636038",
        "android_client_info": {
          "package_name": "com.example.mental_final"
        }
      },
      "oauth_client": [],
      "api_key": [
        {
          "current_key": "AIzaSyBnWJirplOke4gbu4eKEYcYQhGaxTIWT5s"
        }
      ],
      "services": {
        "appinvite_service": {
          "other_platform_oauth_client": []
        }
      }
    }
  ],
  "configuration_version": "1"
}